ID,FID,MiFID
1,104.40559617145817,0.41833728551864624
