ID,FID,MiFID
1,116.51839055598401,0.41267257928848267
